vendorid,avg
1,17.97979458596437
2,19.043827038374154