payment_type_name,avg
Credit card,4.351314122858157
Dispute,0.04563979541380802
No charge,0.010921300613010098
Cash,0.0017416480151026144